{
  "project_info": {
    "project_number": "500540505339",
    "firebase_url": "https://irrigation-1efbb.firebaseio.com",
    "project_id": "irrigation-1efbb",
    "storage_bucket": "irrigation-1efbb.appspot.com"
  },
  "client": [
    {
      "client_info": {
        "mobilesdk_app_id": "1:500540505339:android:6bba16c072d894b1ecc45e",
        "android_client_info": {
          "package_name": "com.example.irrigation"
        }
      },
      "oauth_client": [
        {
          "client_id": "500540505339-nukho4l14utork7norv1dqpo6r7uiq7d.apps.googleusercontent.com",
          "client_type": 1,
          "android_info": {
            "package_name": "com.example.irrigation",
            "certificate_hash": "819ace6bbe32a6d6a01d91e6aae68acf830dd489"
          }
        },
        {
          "client_id": "500540505339-j5fbn158k3ree1pbr5jt1fgonhs21vd8.apps.googleusercontent.com",
          "client_type": 3
        }
      ],
      "api_key": [
        {
          "current_key": "AIzaSyDituDfLxQBcOzh7RfiNVMQkrLngVW5lio"
        }
      ],
      "services": {
        "appinvite_service": {
          "other_platform_oauth_client": [
            {
              "client_id": "500540505339-j5fbn158k3ree1pbr5jt1fgonhs21vd8.apps.googleusercontent.com",
              "client_type": 3
            }
          ]
        }
      }
    }
  ],
  "configuration_version": "1"
}